event_id,event_name,status,image_url,official_url,start_date,end_date,location,team_count,nearest_station,parking_info,description,youtube_url,latitude,longitude,map_url,updated_at
kamisu_maichage_matsuri_2026,かみす舞っちゃげ祭り,Approved,,https://www.kamiyosa.com/,2026-09-19,2026-09-20,茨城県神栖市 神栖中央公園内特設会場（茨城県神栖市木崎1203-9）,50チーム程度,鹿島セントラルホテル（高速バス） / 潮来IC,公式サイトに駐車場案内なし,市内外の参加演舞チームによる踊りの祭典を通じて神栖市民に感動と元気、地域交流のきっかけを与え、来市促進による観光・商工業の活性化を目指す祭り。,https://youtube.com/channel/UC7aHGZOxs-q2BVZVW0K3kaQ,35.8972766,140.6474037,"https://www.google.com/maps/search/?api=1&query=35.8972766,140.6474037",2026-05-04T12:41:53+09:00
basara_matsuri_nara_2026,バサラ祭り,Approved,,https://www.basaramatsuri.com/,2026-08-29,2026-08-30,奈良県奈良市（東大寺中門前、春日大社表参道・影向の松、JR奈良駅前広場、春日参道（三条通り）、奈良公園バスターミナル レクチャーホール、奈良県庁中庭）,,JR奈良駅 / 近鉄奈良駅,公式サイトに一般駐車場案内なし,1999年に始まった奈良の市民参加型の夏祭りで、各踊り隊が工夫を凝らした衣装と踊りでダンシングパフォーマンスやパレードを繰り広げる。,https://www.youtube.com/playlist?list=PLekYeKkJrxMX9MCvovBSAGte-Slu9KT61,34.6821545,135.8197639,"https://www.google.com/maps/search/?api=1&query=34.6821545,135.8197639",2026-05-05T21:48:33+09:00
tokyo_yosakoi_2026,東京よさこい,Approved,,https://tokyo-yosakoi.jp/,2026-10-10,2026-10-11,東京都豊島区（池袋西口駅前広場、池袋西口公園、アゼリア通り、みずき通り、四商店街、東武百貨店8Fスカイデッキ、ironowa hiro ba、大塚駅北口駅前広場、巣鴨駅北口）,前夜祭70チーム / 本祭110チーム,池袋駅 / 大塚駅 / 巣鴨駅,公式サイトに一般駐車場案内なし,池袋を中心に開催される都内最大級のよさこい祭りで、前夜祭と本祭を通じて複数会場で演舞が行われる。,https://www.youtube.com/channel/UCYP_uGbE3m8MIHI3EMhRS-w,35.7301656,139.7090120,"https://www.google.com/maps/search/?api=1&query=35.7301656,139.7090120",2026-05-05T21:48:33+09:00
dream_yosakoi_2026,ドリーム夜さ来い祭り,Approved,,https://www.dreamyosacoy.jp/,2026-11-07,2026-11-08,東京都（お台場エリア・丸の内エリア）,,ゆりかもめ台場駅 / ゆりかもめ東京ビッグサイト駅 / JR東京駅,,全国各地のよさこい鳴子踊りをルーツにもつチームを中心に開催される、リアル会場とYouTube配信を組み合わせたハイブリッド型の祭り。,https://www.youtube.com/channel/UComqHPSGNVPCQCp3bmHAs4w,35.6278603,139.7718513,"https://www.google.com/maps/search/?api=1&query=35.6278603,139.7718513",2026-05-05T21:48:33+09:00
yosakoi_kasuya_2026,YOSAKOIかすや祭り,Approved,,https://www.yosakoi-kasuya.com/,2026-10-10,2026-10-11,福岡県粕屋町（かすやドーム会場、交流広場会場、かすや商工祭会場、イオンモール福岡特設会場）,,JR長者原駅 / 粕屋町役場バス停,周辺駐車場が限られるため公共交通機関利用推奨,町民主体で企画・運営され、町民相互と全国各地の参加者との交流の輪を広げながら、まちづくりと健康づくりを目指す祭り。,https://youtu.be/7VPww8d9Ltc,33.610748,130.483582,"https://www.google.com/maps/search/?api=1&query=33.610748,130.483582",2026-05-05T21:48:33+09:00
saika_matsuri_asaka_2026,朝霞市民まつり「彩夏祭」関八州よさこいフェスタ,Approved,,https://saikasai.com/yosakoi/,2026-07-31,2026-08-02,埼玉県朝霞市（朝霞会場・北朝霞会場）,,朝霞駅 / 北朝霞駅,,「彩夏祭」で行われる本州で最古のよさこい鳴子踊りの祭典で、朝霞市内の複数会場を使って前夜祭と本祭を実施する。,https://www.youtube.com/@saikasaicom,35.796007,139.5999242,"https://www.google.com/maps/search/?api=1&query=35.796007,139.5999242",2026-05-05T21:48:33+09:00
sendai_michinoku_yosakoi_2026,仙台みちのくYOSAKOIまつり,Approved,,https://michinoku-yosakoi.net/,2026-10-10,2026-10-11,宮城県仙台市（勾当台公園ほか仙台市内各所）,,仙台市地下鉄南北線 勾当台公園駅,公式サイトに一般駐車場案内なし,「東北はひとつ」を合言葉に、高知よさこいの流れをくむ仙台開催の祭り。,https://www.youtube.com/@yosakoi7202,38.2667945,140.8711774,"https://www.google.com/maps/search/?api=1&query=38.2667945,140.8711774",2026-05-07T00:58:43+09:00
nippon_domatsuri_2026,にっぽんど真ん中祭り,Approved,,https://www.domatsuri.com/,2026-08-28,2026-08-30,愛知県名古屋市（久屋大通公園を中心に愛知県内各所）,約200チーム,地下鉄久屋大通駅 / 地下鉄栄駅,公式サイトに一般駐車場案内なし,各地域の民謡や個性を生かした踊りが集まる、日本最大級の市民参加型の祭典。,https://www.youtube.com/user/DOMATSURIofficial,35.1673656,136.9088285,"https://www.google.com/maps/search/?api=1&query=35.1673656,136.9088285",2026-05-07T00:58:43+09:00
yosakoi_tokaido_2026,沼津秋まつり2026 前日祭 よさこい東海道,Approved,,https://www.tokaido-yosakoi.com/,2026-11-22,2026-11-22,静岡県沼津市（アーケード演舞場、上本通り演舞場、かのがわパーク）,40チーム程度予定,,,1997年から続く沼津のよさこい祭りで、2026年は沼津秋まつり前日祭として市街地3会場で開催される。,https://www.youtube.com/watch?v=LYxpHT2QcW8,35.1042252,138.8630015,"https://www.google.com/maps/search/?api=1&query=35.1042252,138.8630015",2026-05-23T21:57:00+09:00
yosakoi_takamatsu_2026,YOSAKOI高松祭り,Approved,,https://kgwyosakoi.wixsite.com/yosakoitakamatsu,2026-12-05,2026-12-06,香川県高松市,,,2026会場詳細未発表,第8回の開催日が公式サイトで告知されている高松開催のよさこい祭り。会場などの詳細は後日公式サイトとSNSで案内予定。,https://www.youtube.com/watch?v=yMmmLBP_-Zk,34.3513386,134.0495545,"https://www.google.com/maps/search/?api=1&query=34.3513386,134.0495545",2026-05-23T21:57:00+09:00
sagamihara_yosakoi_ranbu_2026,相模原よさこいRANBU！,Approved,,https://www.sagami-yosakoi-ranbu.com/about-2026/,2026-09-20,2026-09-20,神奈川県相模原市（古淵駅前通り・古淵西公園）,40チーム,JR古淵駅,近隣駐車場で利用できる駐車券を1チームあたり2枚まで配布,地域最大級のイベントとして、全国のよさこいチームが古淵駅前通りと古淵西公園で演舞を披露する。,https://www.youtube.com/watch?v=fRSISpy2HPY,35.5545535,139.4172181,"https://www.google.com/maps/search/?api=1&query=35.5545535,139.4172181",2026-05-08T21:59:48+09:00
toyama_yosakoi_matsuri_2026,富山のよさこい祭り,Approved,,https://xn--n8j3af2f4e9ax.jp/,2026-09-26,2026-09-27,富山県富山市（富山城址公園、城址大通り、富山市役所光の広場、富山県民会館前、富山県民会館大ホール）,75〜80チーム程度,JR富山駅 / 富山地方鉄道「国際会議場前」電停,富山城址公園に地下駐車場・バス駐車場あり,富山城址公園周辺の複数会場で開催される、県内外のチームが集うよさこい祭り。,https://www.youtube.com/watch?v=1XrLjxU3UdA,36.6931996,137.2108267,"https://www.google.com/maps/search/?api=1&query=36.6931996,137.2108267",2026-05-08T21:28:51+09:00
anotsu_yosakoi_tsu_2026,安濃津よさこい,Approved,,https://anotsu-yosakoi.com/,2026-10-10,2026-10-12,三重県津市（津市内各会場：お城西公園、裁判所前会場、津中央郵便局前会場、フェニックス会場、津駅前会場、津新町通り会場 ほか）,,,,津市内各会場で開催される津まつり連動のよさこい祭りで、パレード形式とステージ形式の演舞を通じて街全体を盛り上げる。,https://www.youtube.com/watch?v=4BbTxhwKT90,34.7192364,136.505629,"https://www.google.com/maps/search/?api=1&query=34.7192364,136.505629",2026-05-08T21:59:48+09:00
yosakoi_matsuri_kochi_2026,よさこい祭り,Approved,,https://www.cciweb.or.jp/kochi/yosakoiweb/,2026-08-09,2026-08-12,高知県高知市（東洋電化中央公園、追手筋、帯屋町、高知城 ほか市内各競演場・演舞場）,,JR高知駅 / とさでん交通 はりまや橋電停,,高知市内の各競演場・演舞場で前夜祭、本祭、全国大会、後夜祭まで行われる、本場高知のよさこい祭り。,https://www.youtube.com/watch?v=hyyJ-c2sOrs,33.560176,133.54044,"https://www.google.com/maps/search/?api=1&query=33.560176,133.54044",2026-05-20T05:10:13+09:00
yurutto_yosakoi_matsuri_nara_2026,ゆるっとよさこい祭り,Approved,,https://narayosakoi.com/,2026-08-30,2026-08-30,奈良県奈良市 県営平城宮跡歴史公園 遣唐使船前ステージ（奈良県奈良市二条大路南4-6-1）,,近鉄大和西大寺駅,公園内に利用可能（詳細は公園公式サイトをご確認ください）,平城宮跡歴史公園の遣唐使船前ステージで開催される、観覧無料の奈良よさこいイベント。,https://www.youtube.com/watch?v=aavI0cdeQQ4,34.693902,135.793628,"https://www.google.com/maps/search/?api=1&query=34.693902,135.793628",2026-06-03T03:00:26+09:00
yosakoi_icchorai_fukui_2026,YOSAKOIイッチョライ,Approved,,https://www.icchorai.com/event/,2026-08-02,2026-08-02,福井県福井市（福井駅前電車通りパレード会場、福井市観光交流センター会場）,,JR福井駅,,福井フェニックス祭りの一環として、福井駅前エリアで開催されるYOSAKOIイベント。,https://www.youtube.com/watch?v=xFHtCiR5JGo,36.0614934,136.2235061,"https://www.google.com/maps/search/?api=1&query=36.0614934,136.2235061",2026-07-26T05:10:13+09:00
yokohama_yosakoi_matsuri_2026,横浜よさこい祭り〜良い世さ来い 2026,Approved,,https://www.yokohama-yosakoi.com/,2026-10-17,2026-10-18,神奈川県横浜市（横浜ワールドポーターズ屋上ルーフトップイベント広場、マリンウォーク、ハンマーヘッドパーク、カップヌードルミュージアムパーク、象の鼻パーク開港の丘、新港中央広場、新港合同庁舎）,各日60団体予定,みなとみらい駅 / 馬車道駅,参加チーム向け有料臨時駐車場申請あり,市民主体で運営され、横浜の各会場を使って世代や地域をつなぐことを目指すよさこい祭り。2026年は2日間にわたり、定点会場3会場とパレード会場1会場で演舞を行う。,https://www.youtube.com/watch?v=v2HgdlKM29I,35.4539956,139.6387759,"https://www.google.com/maps/search/?api=1&query=35.4539956,139.6387759",2026-05-20T05:10:13+09:00
yosakoi_natsu_no_jin_mobara_2026,YOSAKOI夏の陣,Approved,,https://www.mobara-tanabata.com/bosyu/,2026-07-26,2026-07-26,千葉県茂原市（商工会議所前通り会場、昌平町通り会場）,,JR茂原駅,バス利用チーム向け指定駐車場あり、一般乗用車は祭り駐車場利用,第72回茂原七夕まつりの一環として開催される、県内外のよさこいチームが競演する夕方開催のイベント。,https://www.youtube.com/watch?v=gTJUlkIgkqo,35.4315560,140.3040553,"https://www.google.com/maps/search/?api=1&query=35.4315560,140.3040553",2026-05-23T21:57:00+09:00
koiya_matsuri_osaka_2026,こいや祭り,Approved,,https://koiya.net/,2026-09-12,2026-09-13,大阪府大阪市（大阪城公園 太陽の広場メインステージ、やぐら会場、教育塔前会場、記念樹の森会場、梅田スカイビル会場、京橋こいとも会場、くずは会場、末広公園会場、吹田江坂会場）,先着100チーム,,,大阪府下の複数会場で同時開催される市民参加型の踊る祭りで、2026年は大阪城公園をメイン会場に開催される。,https://www.youtube.com/channel/UCHt2jiZTy4vTX73UGuskDYg,34.6865270,135.5272461,"https://www.google.com/maps/search/?api=1&query=34.6865270,135.5272461",2026-05-23T21:57:00+09:00
onokoi_odori_ono_2026,おの恋おどり,Approved,,https://www.ksks-arche.jp/maturi/onokoi/sp/about/,2026-08-23,2026-08-23,兵庫県小野市（きらら会場: 市役所駐車場、エクラ会場: 図書館南駐車場、市民広場会場: 大池総合公園市民広場、パレード会場: きらら通り及び園内道路）,パレード先着60チーム,,,小野まつりのメインを飾るトータルダンスイベントで、本選ステージを主体に分散会場やパレード、総踊りが行われる。,https://www.youtube.com/watch?v=XkTo_ZG9KLc,34.8579115,134.9397779,"https://www.google.com/maps/search/?api=1&query=34.8579115,134.9397779",2026-05-23T21:57:00+09:00
super_yosakoi_harajuku_2026,原宿表参道元氣祭 スーパーよさこい,Approved,,https://www.super-yosakoi.tokyo/,2026-08-29,2026-08-30,東京都渋谷区（明治神宮／原宿表参道／代々木公園／NHK前ケヤキ並木通り ほか）,,JR原宿駅 / 東京メトロ明治神宮前〈原宿〉駅,,原宿・表参道・代々木公園周辺を舞台に、明治神宮を含む複数会場で開催される原宿表参道エリアの大型よさこい祭り。,https://www.youtube.com/watch?v=wqBCu0JknfU,35.6705019,139.7024144,"https://www.google.com/maps/search/?api=1&query=35.6705019,139.7024144",2026-06-03T03:00:26+09:00
keyaki_festa_yosakoi_in_fuchu_2026,けやきフェスタ「よさこいin府中」,Approved,,https://yosakoiinfuchu.com/,2026-10-31,2026-11-01,東京都府中市 けやき並木通りほか市内各会場,,京王線府中駅 / JR府中本町駅,,府中のけやき並木を舞台に、市内各会場で開催される秋開催のよさこいイベント。,https://www.youtube.com/watch?v=hVCA-nv09EU,35.6674790,139.4789703,"https://www.google.com/maps/search/?api=1&query=35.6674790,139.4789703",2026-06-03T03:00:26+09:00
yosakoi_sasebo_sasebo_2026,YOSAKOIさせぼ祭り,Approved,,https://yosa.jp/,2026-10-16,2026-10-18,長崎県佐世保市（名切お祭り広場会場〔佐世保中央公園〕／ハウステンボス会場／さるくCity4○3会場／三ヶ町会場／四ヶ町会場／島瀬公園会場／体育文化館会場／アルカスSASEBO広場会場／佐世保駅前会場／山県会場／海上自衛隊倉島岸壁会場／九十九島パールシーリゾート会場／させぼ五番街会場 ほか）,,JR佐世保駅 / 松浦鉄道佐世保中央駅,,佐世保市中心部の複数会場とハウステンボス会場などで3日間開催される、県内外のチームが集う大規模よさこい祭り。,https://www.youtube.com/watch?v=t4Wpi1j9CAs,33.1709770,129.7206582,"https://www.google.com/maps/search/?api=1&query=33.1709770,129.7206582",2026-06-03T03:00:26+09:00
eejanaika_matsuri_izumisano_2026,ゑぇじゃないか祭り,Approved,,https://nigiwai-p.jp/eejanaika/,2026-10-17,2026-10-18,大阪府泉佐野市りんくうエリア（前夜祭: あさひ賃貸りんくうステージ／本祭: あさひ賃貸りんくうステージ、府営りんくう公園、りんくうプレジャータウンシークル、りんくうパピリオ星の広場、芝生会場など全7会場予定）,約100チーム,,,泉佐野市りんくうエリアを舞台に、地域や世代の垣根を越えて笑顔と活気を生み出す泉州よさこい祭り。2026年は前夜祭と本祭の2日程で開催される。,https://www.youtube.com/watch?v=6XsW-DJqbyI,34.4093246,135.2978475,"https://www.google.com/maps/search/?api=1&query=34.4093246,135.2978475",2026-06-16T10:05:30+09:00
ooi_yosakoi_hyoutan_matsuri_2026,大井よさこいひょうたん祭,Approved,,https://ooi-hyoutanmatsuri.com/,2026-08-08,2026-08-08,神奈川県足柄上郡大井町 おおい中央公園および周辺道路,25チーム,,,県西地域最大級の踊りの祭典として開催される大井町最大のイベントで、よさこい踊り＆フラフコンテストを中心に町内外の踊り手が集う。,https://www.youtube.com/watch?v=Ja7V8onIXOI,35.3264650,139.1560490,"https://www.google.com/maps/search/?api=1&query=35.3264650,139.1560490",2026-06-16T10:05:30+09:00
kanagawa_yosakoi_matsuri_2026,神奈川よさこいまつり,Approved,,https://www7b.biglobe.ne.jp/~kanagawayosakoi/index.html,2026-11-28,2026-11-29,神奈川県内 小田急沿線5市（小田原駅・秦野駅・本厚木駅・海老名駅・相模大野駅周辺の特設会場予定、厚木エリアでコンテストファイナル開催予定）,150チーム,,,小田急沿線5市をまたいで開催される広域型のよさこい祭りで、県内外のチーム交流と地域のにぎわい創出を目指す。2026年は第2回として10会場規模を予定している。,https://www.youtube.com/watch?v=zep3_XPtBoU,35.4440542,139.3619448,"https://www.google.com/maps/search/?api=1&query=35.4440542,139.3619448",2026-06-16T10:05:30+09:00
sakado_yosakoi_2026,坂戸よさこい,Approved,,https://www.sakadoyosakoi.com/,2026-10-11,2026-10-11,埼玉県坂戸市（中央図書館駐車場、文化会館ふれあ大駐車場、タイムズ坂戸駅北口、東通り会場ほか）,,東武東上線 坂戸駅,公式サイトに一般駐車場案内なし,坂戸市内の複数会場で開催される秋開催のよさこい祭りで、第26回は坂戸駅周辺と市内会場を使って演舞と関連企画を行う。,https://www.youtube.com/watch?v=qOzpWi9dOwI,35.96199,139.39543,"https://www.google.com/maps/search/?api=1&query=35.96199,139.39543",2026-07-21T10:05:37+09:00
odawara_essahoi_odori_2026,ODAWARAえっさホイおどり,Approved,,https://essahoi.com/2026/04/09/post-21778/,2026-09-12,2026-09-13,神奈川県小田原市（お堀端通り・銅門広場・三の丸ホール〈大ホール〉・二の丸広場）,約35チーム,JR・小田急 小田原駅,公式サイトに一般駐車場案内なし,小田原市街地の複数会場で開催されるよさこいイベントで、童謡『お猿のかごや』を取り入れた小田原流の踊り文化を発信する。,https://www.youtube.com/watch?v=XSme3Rtobss,35.25081,139.15469,"https://www.google.com/maps/search/?api=1&query=35.25081,139.15469",2026-07-21T10:05:37+09:00
kanmon_yosakoi_kitakyushu_2026,関門よさこい大会,Approved,,https://www.city.kitakyushu.lg.jp/moji/w1100627.html,2026-09-26,2026-09-26,福岡県北九州市門司区・山口県下関市（門司港駅前、門司港レトロ親水広場、カモンワーフ、はい！からっと横丁）,,JR門司港駅,駐車場なし,関門海峡をまたいで門司港と下関で開催されるよさこい大会で、市内外の踊り子が海峡横断を含む複数会場で演舞を披露する。,https://www.youtube.com/watch?v=pjcsC_ow2T4,33.945786,130.961594,"https://www.google.com/maps/search/?api=1&query=33.945786,130.961594",2026-07-21T10:05:37+09:00
takasaki_raibu_festival_2026,たかさき雷舞フェスティバル,Approved,,https://takasaki-live.com/,2026-10-11,2026-10-11,群馬県高崎市（もてなし広場会場・駅前通り会場）,,JR高崎駅,公式サイトに一般駐車場案内なし,高崎駅西口エリアで開催される雷舞イベントで、メインステージともてなし広場会場、流し会場の駅前通りを使って演舞を行う。,https://www.youtube.com/watch?v=O_Mg9G-_TUU,36.323923,139.001571,"https://www.google.com/maps/search/?api=1&query=36.323923,139.001571",2026-07-21T10:05:37+09:00
oshu_yosakoi_in_mizusawa_2026,奥州YOSAKOI in みずさわ,Approved,,https://www.pref.iwate.jp/event/moyooshi/1066808.html,2026-09-20,2026-09-20,岩手県奥州市（水沢駅通り周辺・水沢駅前）,,JR水沢駅,公式情報未確認,奥州秋まつり併催で開催されるよさこいイベントで、水沢駅通り周辺と水沢駅前で全国のYOSAKOIチームによる演舞を楽しめる。,https://www.youtube.com/watch?v=H8qc2z4l9ak,39.1392848,141.1464815,"https://www.google.com/maps/search/?api=1&query=39.1392848,141.1464815",2026-07-21T10:05:37+09:00
